<?xml version="1.0"?>
<doc>
    <assembly>
        <name>PCLCrypto</name>
    </assembly>
    <members>
        <member name="T:PCLCrypto.CryptoStream">
            <summary>
            Defines a stream that links data streams to cryptographic transformations.
            </summary>
        </member>
        <member name="F:PCLCrypto.CryptoStream.chainedStream">
            <summary>
            The stream that is read from or written to with each I/O operation.
            </summary>
        </member>
        <member name="F:PCLCrypto.CryptoStream.transform">
            <summary>
            The crypto transform to use for each block.
            </summary>
        </member>
        <member name="F:PCLCrypto.CryptoStream.mode">
            <summary>
            The read/write mode of this stream.
            </summary>
        </member>
        <member name="F:PCLCrypto.CryptoStream.inputBuffer">
            <summary>
            Data that has not yet been transformed.
            </summary>
        </member>
        <member name="F:PCLCrypto.CryptoStream.outputBuffer">
            <summary>
            Data that has been transformed but not flushed.
            </summary>
        </member>
        <member name="F:PCLCrypto.CryptoStream.inputBufferSize">
            <summary>
            The number of valid bytes in <see cref="F:PCLCrypto.CryptoStream.inputBuffer"/>.
            </summary>
        </member>
        <member name="F:PCLCrypto.CryptoStream.outputBufferSize">
            <summary>
            The number of valid bytes in <see cref="F:PCLCrypto.CryptoStream.outputBuffer"/>.
            </summary>
        </member>
        <member name="F:PCLCrypto.CryptoStream.outputBufferIndex">
            <summary>
            The index of the first valid byte in <see cref="F:PCLCrypto.CryptoStream.outputBuffer"/>.
            This advances when Read is called with a smaller buffer than we have bytes available.
            </summary>
        </member>
        <member name="M:PCLCrypto.CryptoStream.#ctor(System.IO.Stream,PCLCrypto.ICryptoTransform,PCLCrypto.CryptoStreamMode)">
            <summary>
            Initializes a new instance of the <see cref="T:PCLCrypto.CryptoStream"/> class.
            </summary>
            <param name="stream">The stream to write to or read from.</param>
            <param name="transform">The cryptographic operation to use for transforming data.</param>
            <param name="mode">The mode of operation.</param>
        </member>
        <member name="P:PCLCrypto.CryptoStream.HasFlushedFinalBlock">
            <summary>
            Gets a value indicating whether the final buffer block has been written to the underlying stream. 
            </summary>
        </member>
        <member name="P:PCLCrypto.CryptoStream.CanRead">
            <inheritdoc />
        </member>
        <member name="P:PCLCrypto.CryptoStream.CanSeek">
            <inheritdoc />
        </member>
        <member name="P:PCLCrypto.CryptoStream.CanWrite">
            <inheritdoc />
        </member>
        <member name="P:PCLCrypto.CryptoStream.Length">
            <inheritdoc />
        </member>
        <member name="P:PCLCrypto.CryptoStream.Position">
            <inheritdoc />
        </member>
        <member name="M:PCLCrypto.CryptoStream.WriteTo(System.IO.Stream,PCLCrypto.ICryptoTransform[])">
            <summary>
            Creates a CryptoStream that can be used to write to the specified stream
            after passing through a series of transforms.
            </summary>
            <param name="stream">The ultimate stream to be written to.</param>
            <param name="transforms">The transformations to apply to the data before writing to <paramref name="stream"/>.</param>
            <returns>A CryptoStream instance.</returns>
        </member>
        <member name="M:PCLCrypto.CryptoStream.ReadFrom(System.IO.Stream,PCLCrypto.ICryptoTransform[])">
            <summary>
            Creates a CryptoStream that can be used to read from the specified stream,
            passing the retrieved data through a series of transforms before being read
            from this stream.
            </summary>
            <param name="stream">The ultimate stream to be read from.</param>
            <param name="transforms">The transformations to apply to the data after reading from <paramref name="stream"/>.</param>
            <returns>A CryptoStream instance.</returns>
        </member>
        <member name="M:PCLCrypto.CryptoStream.FlushFinalBlock">
            <summary>
            Updates the underlying data source or repository with the current state of the buffer, then clears the buffer.
            </summary>
            <remarks>
            Calling the Close method will call FlushFinalBlock. If you do not call Close, call FlushFinalBlock to complete flushing the buffer. Call FlushFinalBlock only when all stream activity is complete.
            </remarks>
        </member>
        <member name="M:PCLCrypto.CryptoStream.Flush">
            <inheritdoc />
        </member>
        <member name="M:PCLCrypto.CryptoStream.Read(System.Byte[],System.Int32,System.Int32)">
            <inheritdoc />
        </member>
        <member name="M:PCLCrypto.CryptoStream.Seek(System.Int64,System.IO.SeekOrigin)">
            <inheritdoc />
        </member>
        <member name="M:PCLCrypto.CryptoStream.SetLength(System.Int64)">
            <inheritdoc />
        </member>
        <member name="M:PCLCrypto.CryptoStream.Write(System.Byte[],System.Int32,System.Int32)">
            <inheritdoc />
        </member>
        <member name="M:PCLCrypto.CryptoStream.Dispose(System.Boolean)">
            <inheritdoc />
        </member>
        <member name="M:PCLCrypto.CryptoStream.Chain(System.IO.Stream,PCLCrypto.CryptoStreamMode,PCLCrypto.ICryptoTransform[])">
            <summary>
            Creates a CryptoStream chain of transforms.
            </summary>
            <param name="stream">The ultimate stream to be read from or written to.</param>
            <param name="cryptoStreamMode">Whether to prepare for read or write operations to trigger the operations.</param>
            <param name="transforms">The transforms to apply.</param>
            <returns>The start of the chain of CryptoStreams.</returns>
        </member>
        <member name="M:PCLCrypto.CryptoStream.ChainWrite(System.IO.Stream,System.Collections.Generic.IEnumerator{PCLCrypto.ICryptoTransform})">
            <summary>
            Creates a CryptoStream chain of transforms for writing streams.
            </summary>
            <param name="stream">The ultimate stream to be read from or written to.</param>
            <param name="transforms">An enumerator positioned just before the transform to create for the outer-most stream.</param>
            <returns>
            The start of the chain of CryptoStreams.
            </returns>
        </member>
        <member name="T:PCLCrypto.NetFxCrypto">
            <summary>
            Exposes cryptography using API familiar to .NET Framework developers.
            </summary>
        </member>
        <member name="P:PCLCrypto.NetFxCrypto.RandomNumberGenerator">
            <summary>
            Gets a cryptographically strong random number generator.
            </summary>
        </member>
        <member name="P:PCLCrypto.NetFxCrypto.DeriveBytes">
            <summary>
            Gets tools to derive a key from a password for buffer.
            </summary>
        </member>
        <member name="T:PCLCrypto.WinRTCrypto">
            <summary>
            Exposes cryptography using API familiar to WinRT developers.
            </summary>
        </member>
        <member name="P:PCLCrypto.WinRTCrypto.AsymmetricKeyAlgorithmProvider">
            <summary>
            Gets the asymmetric key algorithm provider factory.
            </summary>
        </member>
        <member name="P:PCLCrypto.WinRTCrypto.SymmetricKeyAlgorithmProvider">
            <summary>
            Gets the symmetric key algorithm provider factory.
            </summary>
        </member>
        <member name="P:PCLCrypto.WinRTCrypto.HashAlgorithmProvider">
            <summary>
            Gets the hash algorithm provider factory.
            </summary>
        </member>
        <member name="P:PCLCrypto.WinRTCrypto.MacAlgorithmProvider">
            <summary>
            Gets the MAC algorithm provider factory.
            </summary>
        </member>
        <member name="P:PCLCrypto.WinRTCrypto.KeyDerivationAlgorithmProvider">
            <summary>
            Gets the key derivation algorithm provider factory.
            </summary>
        </member>
        <member name="P:PCLCrypto.WinRTCrypto.KeyDerivationParameters">
            <summary>
            Gets the key derivation parameters factory.
            </summary>
        </member>
        <member name="P:PCLCrypto.WinRTCrypto.CryptographicEngine">
            <summary>
            Gets the service for signatures and encryption.
            </summary>
        </member>
        <member name="P:PCLCrypto.WinRTCrypto.CryptographicBuffer">
            <summary>
            Gets the service for buffers.
            </summary>
        </member>
    </members>
</doc>
